id,split
0,2
1,4
2,3
3,4
4,2
5,0
6,4
7,2
8,1
9,3
10,1
11,4
12,3
13,2
14,4
15,4
16,1
17,4
18,2
19,4
20,1
21,0
22,2
23,1
24,3
25,1
26,0
27,4
28,2
29,4
30,0
31,2
32,3
33,4
34,1
35,0
36,3
37,3
38,2
39,0
40,3
41,3
42,1
43,2
44,4
45,0
46,3
47,3
48,3
49,1
50,1
51,4
52,1
53,4
54,0
55,3
56,3
57,3
58,2
59,1
60,4
61,3
62,4
63,0
64,4
65,0
66,1
67,0
68,0
69,3
70,4
71,3
72,2
73,4
74,0
75,2
76,1
77,0
78,4
79,4
80,0
81,1
82,3
83,3
84,0
85,2
86,2
87,1
88,3
89,2
90,0
91,0
92,2
93,1
94,3
95,0
96,2
97,4
98,4
99,2
100,2
101,0
102,0
103,1
104,3
105,4
106,3
107,3
108,2
109,3
110,1
111,2
112,2
113,0
114,1
115,3
116,4
117,2
118,2
119,4
120,3
121,4
122,3
123,4
124,0
125,0
126,2
127,4
128,3
129,2
130,2
131,2
132,4
133,3
134,4
135,4
136,4
137,4
138,3
139,3
140,3
141,4
142,2
143,2
144,3
145,3
146,3
147,0
148,4
149,2
150,1
151,0
152,0
153,2
154,3
155,4
156,0
157,3
158,4
159,0
160,0
161,0
162,4
163,3
164,3
165,1
166,0
167,4
168,2
169,3
170,0
171,4
172,1
173,4
174,1
175,3
176,0
177,1
178,3
179,2
180,4
181,1
182,0
183,1
184,1
185,0
186,0
187,4
188,2
189,4
190,4
191,0
192,2
193,0
194,0
195,4
196,3
197,2
198,4
199,0
200,0
201,0
202,3
203,1
204,4
205,4
206,3
207,1
208,3
209,3
210,0
211,2
212,2
213,2
214,4
215,2
216,4
217,1
218,1
219,2
220,4
221,4
222,4
223,2
224,3
225,1
226,1
227,1
228,2
229,4
230,3
231,0
232,4
233,2
234,0
235,3
236,4
237,1
238,4
239,0
240,1
241,0
242,1
243,3
244,1
245,1
246,2
247,4
248,1
249,1
250,2
251,3
252,2
253,0
254,4
255,3
256,1
257,4
258,1
259,3
260,1
261,3
262,3
263,0
264,2
265,4
266,0
267,0
268,4
269,3
270,1
271,1
272,4
273,3
274,2
275,0
276,4
277,1
278,2
279,0
280,1
281,4
282,4
283,4
284,3
285,3
286,1
287,2
288,4
289,0
290,3
291,4
292,3
293,1
294,4
295,0
296,4
297,4
298,0
299,3
300,4
301,1
302,2
303,3
304,3
305,1
306,4
307,3
308,1
309,0
310,0
311,2
312,1
313,0
314,3
315,2
316,4
317,4
318,1
319,0
320,0
321,4
322,4
323,3
324,0
325,4
326,0
327,2
328,4
329,4
330,0
331,1
332,0
333,2
334,2
335,2
336,2
337,3
338,3
339,0
340,2
341,0
342,1
343,3
344,4
345,0
346,4
347,3
348,3
349,0
350,1
351,2
352,3
353,0
354,1
355,3
356,3
357,3
358,4
359,0
360,3
361,3
362,1
363,2
364,4
365,0
366,2
367,1
368,4
369,2
370,1
371,2
372,0
373,4
374,1
375,1
376,0
377,4
378,4
379,1
380,1
381,3
382,0
383,3
384,3
385,0
386,4
387,2
388,3
389,4
390,0
391,0
392,3
393,0
394,0
395,4
396,2
397,2
398,0
399,1
400,1
401,1
402,1
403,0
404,4
405,4
406,4
407,3
408,0
409,0
410,1
411,1
412,3
413,3
414,1
415,2
416,0
417,3
418,3
419,2
420,0
421,3
422,0
423,2
424,4
425,4
426,0
427,0
428,2
429,4
430,0
431,3
432,4
433,0
434,2
435,1
436,4
437,2
438,2
439,1
440,2
441,0
442,1
443,0
444,3
445,3
446,4
447,1
448,4
449,4
450,0
451,0
452,1
453,1
454,3
455,1
456,0
457,4
458,3
459,4
460,4
461,1
462,1
463,0
464,4
465,0
466,2
467,1
468,2
469,2
470,4
471,2
472,3
473,1
474,3
475,3
476,2
477,1
478,0
479,3
480,3
481,1
482,1
483,1
484,1
485,4
486,2
487,0
488,2
489,1
490,4
491,4
492,0
493,2
494,2
495,3
496,0
497,2
498,2
499,1
500,4
501,1
502,3
503,3
504,0
505,2
506,4
507,0
508,0
509,3
510,3
511,4
512,4
513,2
514,4
515,1
516,4
517,0
518,0
519,2
520,2
521,2
522,2
523,4
524,1
525,0
526,2
527,0
528,1
529,2
530,1
531,1
532,1
533,1
534,4
535,0
536,2
537,1
538,1
539,4
540,1
541,3
542,4
543,4
544,0
545,4
546,4
547,4
548,3
549,1
550,4
551,2
552,3
553,2
554,3
555,4
556,2
557,2
558,2
559,0
560,3
561,2
562,0
563,0
564,0
565,4
566,2
567,2
568,4
569,2
570,3
571,0
572,0
573,0
574,2
575,1
576,4
577,0
578,1
579,2
580,0
581,2
582,3
583,4
584,0
585,1
586,0
587,3
588,2
589,4
590,3
591,2
592,4
593,0
594,2
595,3
596,2
597,3
598,2
599,0
600,3
601,0
602,3
603,0
604,4
605,0
606,4
607,4
608,1
609,0
610,4
611,2
612,1
613,2
614,4
615,4
616,4
617,0
618,3
619,0
620,2
621,0
622,3
623,2
624,4
625,1
626,2
627,4
628,1
629,4
630,1
631,2
632,0
633,4
634,2
635,0
636,0
637,3
638,0
639,4
640,0
641,4
642,0
643,2
644,2
645,2
646,2
647,0
648,1
649,3
650,0
651,1
652,2
653,0
654,0
655,0
656,3
657,2
658,0
659,4
660,3
661,4
662,3
663,3
664,3
665,4
666,2
667,3
668,4
669,2
670,1
671,4
672,0
673,4
674,2
675,3
676,2
677,1
678,1
679,2
680,2
681,4
682,2
683,2
684,1
685,0
686,3
687,2
688,0
689,3
690,0
691,1
692,2
693,3
694,1
695,2
696,3
697,4
698,4
699,1
700,1
701,0
702,2
703,4
704,4
705,0
706,3
707,2
708,4
709,1
710,2
711,3
712,1
713,3
714,3
715,3
716,4
717,0
718,2
719,3
720,2
721,3
722,1
723,1
724,4
725,1
726,0
727,3
728,1
729,3
730,3
731,1
732,0
733,0
734,2
735,0
736,4
737,1
738,2
739,3
740,2
741,0
742,3
743,2
744,0
745,0
746,4
747,3
748,3
749,2
750,4
751,1
752,4
753,3
754,2
755,2
756,1
757,4
758,2
759,1
760,4
761,1
762,2
763,2
764,3
765,1
766,1
767,2
768,4
769,4
770,4
771,1
772,3
773,4
774,0
775,0
776,0
777,2
778,3
779,1
780,0
781,2
782,3
783,4
784,4
785,1
786,4
787,0
788,1
789,3
790,1
791,2
792,2
793,4
794,3
795,0
796,0
797,3
798,4
799,3
800,0
801,3
802,2
803,0
804,3
805,0
806,0
807,2
808,0
809,2
810,3
811,4
812,0
813,1
814,2
815,4
816,0
817,1
818,0
819,3
820,1
821,2
822,2
823,1
824,0
825,0
826,0
827,3
828,4
829,2
830,2
831,3
832,1
833,3
834,0
835,2
836,2
837,4
838,0
839,0
840,2
841,1
842,0
843,0
844,3
845,2
846,4
847,1
848,3
849,4
850,4
851,3
852,4
853,4
854,0
855,4
856,1
857,3
858,3
859,1
860,1
861,4
862,4
863,1
864,0
865,4
866,1
867,4
868,3
869,0
870,4
871,1
872,4
873,3
874,0
875,2
876,2
877,0
878,1
879,2
880,4
881,2
882,1
883,0
884,1
885,4
886,3
887,4
888,0
889,4
890,3
891,4
892,2
893,2
894,1
895,4
896,4
897,0
898,1
899,1
900,2
901,3
902,0
903,3
904,4
905,1
906,4
907,3
908,1
909,4
910,1
911,1
912,1
913,1
914,2
915,3
916,4
917,2
918,2
919,2
920,4
921,0
922,0
923,1
924,4
925,2
926,0
927,2
928,4
929,2
930,1
931,2
932,2
933,1
934,1
935,1
936,3
937,0
938,1
939,1
940,2
941,3
942,1
943,1
944,1
945,0
946,4
947,2
948,3
949,2
950,1
951,1
952,2
953,4
954,0
955,3
956,2
957,4
958,1
959,4
960,2
961,1
962,1
963,1
964,1
965,3
966,2
967,1
968,4
969,2
970,4
971,0
972,4
973,1
974,3
975,0
976,3
977,2
978,3
979,3
980,1
981,1
982,3
983,0
984,3
985,4
986,4
987,3
988,2
989,3
990,1
991,0
992,4
993,1
994,1
995,1
996,3
997,3
998,1
999,2
1000,2
1001,3
1002,4
1003,2
1004,3
1005,1
1006,0
1007,3
1008,2
1009,4
1010,1
1011,2
1012,1
1013,2
1014,4
1015,2
1016,4
1017,4
1018,4
1019,4
1020,0
1021,3
1022,1
1023,1
1024,1
1025,0
1026,1
1027,1
1028,4
1029,0
1030,3
1031,0
1032,0
1033,3
1034,4
1035,4
1036,1
1037,3
1038,0
1039,0
1040,2
1041,0
1042,0
1043,3
1044,0
1045,1
1046,3
1047,1
1048,4
1049,3
1050,1
1051,2
1052,3
1053,0
1054,3
1055,4
1056,2
1057,2
1058,3
1059,4
1060,0
1061,0
1062,1
1063,4
1064,3
1065,4
1066,1
1067,3
1068,3
1069,0
1070,1
1071,0
1072,1
1073,3
1074,2
1075,1
1076,2
1077,4
1078,3
1079,4
1080,4
1081,3
1082,2
1083,1
1084,2
1085,2
1086,2
1087,1
1088,0
1089,1
1090,0
1091,1
1092,2
1093,4
1094,2
1095,3
1096,3
1097,0
1098,0
1099,3
1100,0
1101,2
1102,1
1103,3
1104,2
1105,2
1106,3
1107,4
1108,3
1109,1
1110,2
1111,1
1112,0
1113,1
1114,0
1115,3
1116,3
1117,3
1118,3
1119,3
1120,1
1121,3
1122,2
1123,2
1124,2
1125,3
1126,3
1127,4
1128,2
1129,2
1130,3
1131,3
1132,2
1133,3
1134,4
1135,4
1136,4
1137,0
1138,4
1139,4
1140,3
1141,1
1142,0
1143,3
1144,3
1145,3
1146,1
1147,4
1148,3
1149,4
1150,2
1151,3
1152,0
1153,1
1154,0
1155,0
1156,4
1157,2
1158,3
1159,1
1160,1
1161,3
1162,0
1163,2
1164,0
1165,1
1166,1
1167,3
1168,4
1169,0
1170,0
1171,1
1172,3
1173,2
1174,3
1175,2
1176,1
1177,3
1178,1
1179,4
1180,0
1181,2
1182,1
1183,0
1184,0
1185,1
1186,4
1187,0
1188,4
1189,4
1190,2
1191,3
1192,1
1193,2
1194,2
1195,0
1196,1
1197,0
1198,0
1199,4
1200,2
1201,2
1202,3
1203,0
1204,4
1205,2
1206,4
1207,4
1208,3
1209,3
1210,0
1211,2
1212,2
1213,4
1214,2
1215,3
1216,1
1217,4
1218,0
1219,2
1220,4
1221,0
1222,4
1223,4
1224,3
1225,1
1226,3
1227,0
1228,4
1229,2
1230,4
1231,1
1232,1
1233,2
1234,3
1235,0
1236,4
1237,1
1238,1
1239,4
1240,2
1241,0
1242,1
1243,3
1244,1
1245,2
1246,3
1247,0
1248,3
1249,2
1250,4
1251,4
1252,4
1253,1
1254,1
1255,1
1256,1
1257,0
1258,4
1259,1
1260,2
1261,1
1262,1
1263,0
1264,4
1265,0
1266,4
1267,0
1268,3
1269,1
1270,0
1271,2
1272,4
1273,1
1274,2
1275,2
1276,3
1277,1
1278,4
1279,1
1280,0
1281,1
1282,1
1283,0
1284,1
1285,3
1286,4
1287,3
1288,1
1289,0
1290,2
1291,0
1292,0
1293,0
1294,3
1295,1
1296,1
1297,3
1298,1
1299,4
1300,3
1301,0
1302,0
1303,4
1304,0
1305,0
1306,4
1307,3
1308,3
1309,0
1310,4
1311,1
1312,3
1313,2
1314,0
1315,2
1316,3
1317,3
1318,1
1319,3
1320,1
1321,4
1322,0
1323,0
1324,4
1325,3
1326,1
1327,1
1328,2
1329,0
1330,1
1331,2
1332,0
1333,3
1334,1
1335,3
1336,0
1337,2
1338,0
1339,1
1340,4
1341,2
1342,0
1343,4
1344,2
1345,4
1346,4
1347,0
1348,3
1349,0
1350,2
1351,0
1352,2
1353,0
1354,0
1355,2
1356,0
1357,4
1358,1
1359,1
1360,1
1361,1
1362,1
1363,2
1364,3
1365,1
1366,1
1367,2
1368,4
1369,4
1370,2
1371,1
1372,4
1373,3
1374,0
1375,1
1376,1
1377,1
1378,1
1379,2
1380,4
1381,0
1382,0
1383,2
1384,0
1385,3
1386,1
1387,0
1388,2
1389,3
1390,4
1391,2
1392,4
1393,3
1394,4
1395,0
1396,4
1397,0
1398,4
1399,4
1400,1
1401,1
1402,4
1403,2
1404,2
1405,4
1406,0
1407,3
1408,2
1409,3
1410,1
1411,2
1412,4
1413,4
1414,3
1415,1
1416,1
1417,4
1418,3
1419,2
1420,2
1421,4
1422,2
1423,4
1424,4
1425,0
1426,1
1427,0
1428,2
1429,2
1430,0
1431,0
1432,3
1433,3
1434,3
1435,3
1436,1
1437,1
1438,2
1439,2
1440,4
1441,1
1442,1
1443,3
1444,4
1445,0
1446,3
1447,1
1448,1
1449,0
1450,4
1451,0
1452,4
1453,0
1454,4
1455,3
1456,3
1457,2
1458,4
1459,0
1460,1
1461,0
1462,4
1463,2
1464,3
1465,1
1466,1
1467,2
1468,4
1469,4
1470,0
1471,3
1472,4
1473,0
1474,3
1475,3
1476,3
1477,4
1478,3
1479,0
1480,2
1481,0
1482,0
1483,2
1484,4
1485,0
1486,0
1487,4
1488,4
1489,2
1490,2
1491,3
1492,2
1493,0
1494,2
1495,1
1496,4
1497,3
1498,1
1499,2
1500,3
1501,1
1502,0
1503,0
1504,4
1505,4
1506,2
1507,2
1508,3
1509,0
1510,2
1511,2
1512,0
1513,2
1514,2
1515,3
1516,4
1517,1
1518,0
1519,4
1520,4
1521,0
1522,4
1523,2
1524,0
1525,2
1526,3
1527,0
1528,1
1529,0
1530,2
1531,2
1532,2
1533,0
1534,2
1535,0
1536,1
1537,3
1538,3
1539,0
1540,2
1541,4
1542,0
1543,2
1544,1
1545,1
1546,0
1547,3
1548,2
1549,3
1550,2
1551,2
1552,2
1553,1
1554,0
1555,2
1556,0
1557,4
1558,0
1559,4
1560,0
1561,0
1562,0
1563,1
1564,2
1565,0
1566,3
1567,2
1568,2
1569,0
1570,2
1571,4
1572,3
1573,1
1574,0
1575,3
1576,0
1577,4
1578,4
1579,2
1580,3
1581,2
1582,3
1583,2
1584,2
1585,4
1586,3
1587,3
1588,2
1589,4
1590,1
1591,1
1592,2
1593,0
1594,2
1595,0
1596,1
1597,1
1598,2
1599,1
1600,3
1601,2
1602,2
1603,1
1604,1
1605,2
1606,2
1607,1
1608,4
1609,3
1610,1
1611,2
1612,4
1613,3
1614,1
1615,2
1616,0
1617,4
1618,0
1619,1
1620,3
1621,2
1622,2
1623,1
1624,2
1625,4
1626,4
1627,2
1628,1
1629,2
1630,0
1631,3
1632,3
1633,3
1634,1
1635,3
1636,4
1637,4
1638,1
1639,1
1640,4
1641,4
1642,1
1643,3
1644,2
1645,2
1646,1
1647,0
1648,1
1649,0
1650,4
1651,2
1652,3
1653,0
1654,2
1655,0
1656,4
1657,4
1658,4
1659,2
1660,1
1661,1
1662,0
1663,2
1664,2
1665,4
1666,3
1667,0
1668,2
1669,0
1670,4
1671,3
1672,4
1673,1
1674,0
1675,0
1676,0
1677,2
1678,1
1679,3
1680,2
1681,0
1682,0
1683,4
1684,2
1685,4
1686,1
1687,2
1688,2
1689,0
1690,0
1691,3
1692,0
1693,3
1694,1
1695,2
1696,4
1697,2
1698,1
1699,3
1700,2
1701,2
1702,0
1703,2
1704,3
1705,0
1706,1
1707,3
1708,0
1709,4
1710,1
1711,0
1712,2
1713,3
1714,1
1715,3
1716,2
1717,0
1718,0
1719,3
1720,3
1721,0
1722,4
1723,4
1724,1
1725,4
1726,4
1727,1
1728,2
1729,1
1730,1
1731,1
1732,0
1733,4
1734,1
1735,2
1736,2
1737,2
1738,1
1739,0
1740,1
1741,2
1742,2
1743,1
1744,3
1745,4
1746,2
1747,0
1748,2
1749,4
1750,2
1751,2
1752,3
1753,0
1754,4
1755,0
1756,0
1757,0
1758,1
1759,2
1760,4
1761,3
1762,3
1763,4
1764,1
1765,0
1766,2
1767,2
1768,3
1769,2
1770,4
1771,4
1772,1
1773,0
1774,2
1775,4
1776,1
1777,1
1778,3
1779,1
1780,3
1781,2
1782,2
1783,0
1784,1
1785,4
1786,3
1787,0
1788,2
1789,4
1790,0
1791,3
1792,0
1793,0
1794,3
1795,4
1796,0
1797,3
1798,1
1799,0
1800,3
1801,1
1802,1
1803,0
1804,4
1805,4
1806,1
1807,1
1808,3
1809,1
1810,0
1811,3
1812,1
1813,0
1814,4
1815,0
1816,2
1817,0
1818,3
1819,0
1820,3
1821,3
1822,2
1823,4
1824,1
1825,2
1826,1
1827,2
1828,2
1829,1
1830,4
1831,1
1832,4
1833,1
1834,2
1835,3
1836,1
1837,1
1838,0
1839,3
1840,0
1841,0
1842,1
1843,0
1844,2
1845,1
1846,0
1847,4
1848,3
1849,4
1850,2
1851,2
1852,2
1853,2
1854,1
1855,2
1856,3
1857,1
1858,1
1859,3
1860,1
1861,0
1862,3
1863,2
1864,0
1865,4
1866,0
1867,3
1868,4
1869,3
1870,4
1871,0
1872,4
1873,1
1874,3
1875,2
1876,4
1877,0
1878,4
1879,0
1880,2
1881,1
1882,0
1883,1
1884,4
1885,4
1886,0
1887,4
1888,4
1889,1
1890,3
1891,1
1892,3
1893,2
1894,0
1895,1
1896,2
1897,0
1898,3
1899,0
1900,4
1901,2
1902,3
1903,0
1904,3
1905,0
1906,3
1907,1
1908,0
1909,4
1910,2
1911,4
1912,2
1913,3
1914,0
1915,2
1916,1
1917,0
1918,1
1919,4
1920,0
1921,2
1922,2
1923,0
1924,2
1925,4
1926,2
1927,4
1928,4
1929,0
1930,4
1931,1
1932,3
1933,2
1934,0
1935,1
1936,2
1937,0
1938,2
1939,4
1940,4
1941,1
1942,0
1943,0
1944,2
1945,4
1946,4
1947,0
1948,3
1949,0
1950,0
1951,1
1952,4
1953,2
1954,1
1955,0
1956,0
1957,1
1958,3
1959,3
1960,1
1961,3
1962,3
1963,3
1964,2
1965,3
1966,3
1967,0
1968,4
1969,3
1970,0
1971,2
1972,2
1973,0
1974,1
1975,0
1976,3
1977,3
1978,0
1979,4
1980,1
1981,1
1982,0
1983,4
1984,4
1985,1
1986,0
1987,1
1988,1
1989,2
1990,2
1991,4
1992,3
1993,0
1994,4
1995,3
1996,1
1997,1
1998,3
1999,1
2000,4
2001,1
2002,2
2003,1
2004,0
2005,3
2006,4
2007,2
2008,4
2009,2
2010,4
2011,2
2012,1
2013,0
2014,3
2015,0
2016,4
2017,1
2018,4
2019,0
2020,1
2021,1
2022,1
2023,2
2024,3
2025,1
2026,2
2027,0
2028,2
2029,2
2030,2
2031,3
2032,2
2033,1
2034,4
2035,0
2036,2
2037,1
2038,3
2039,1
2040,0
2041,1
2042,0
2043,1
2044,2
2045,3
2046,1
2047,4
2048,3
2049,3
2050,0
2051,1
2052,0
2053,4
2054,4
2055,1
2056,3
2057,0
2058,3
2059,3
2060,4
2061,3
2062,3
2063,4
2064,3
2065,3
2066,2
2067,3
2068,1
2069,3
2070,0
2071,1
2072,1
2073,1
2074,4
2075,0
2076,3
2077,0
2078,3
2079,3
2080,3
2081,2
2082,4
2083,1
2084,3
2085,2
2086,2
2087,3
2088,3
2089,4
2090,2
2091,1
2092,4
2093,3
2094,2
2095,0
2096,0
2097,2
2098,4
2099,3
2100,4
2101,1
2102,3
2103,0
2104,4
2105,1
2106,4
2107,3
2108,4
2109,1
2110,0
2111,3
2112,0
2113,4
2114,3
2115,0
2116,1
2117,3
2118,1
2119,1
2120,0
2121,2
2122,4
2123,2
2124,2
2125,2
2126,3
2127,0
2128,0
2129,3
2130,1
2131,2
2132,1
2133,1
2134,3
2135,0
2136,0
2137,4
2138,2
2139,1
2140,3
2141,2
2142,1
2143,2
2144,4
2145,3
2146,1
2147,3
2148,3
2149,1
2150,0
2151,4
2152,4
2153,2
2154,2
2155,2
2156,0
2157,1
2158,3
2159,2
2160,3
2161,2
2162,1
2163,3
2164,2
2165,0
2166,2
2167,2
2168,3
2169,0
2170,0
2171,2
2172,2
2173,3
2174,3
2175,4
2176,3
2177,0
2178,2
2179,1
2180,2
2181,0
2182,3
2183,4
2184,3
2185,0
2186,0
2187,0
2188,4
2189,0
2190,2
2191,1
2192,0
2193,3
2194,1
2195,2
2196,1
2197,0
2198,0
2199,1
2200,3
2201,2
2202,0
2203,3
2204,4
2205,0
2206,3
2207,1
2208,4
2209,2
2210,3
2211,3
2212,0
2213,1
2214,4
2215,1
2216,1
2217,0
2218,4
2219,1
2220,4
2221,4
2222,1
2223,4
2224,3
2225,2
2226,2
2227,3
2228,0
2229,3
2230,1
2231,3
2232,1
2233,3
2234,0
2235,1
2236,1
2237,2
2238,3
2239,3
2240,0
2241,3
2242,2
2243,0
2244,0
2245,4
2246,1
2247,3
2248,3
2249,0
2250,4
2251,0
2252,3
2253,0
2254,3
2255,4
2256,2
2257,1
2258,1
2259,4
2260,3
2261,0
2262,1
2263,4
2264,1
2265,3
2266,3
2267,0
2268,0
2269,2
2270,0
2271,3
2272,1
2273,3
2274,2
2275,2
2276,1
2277,4
2278,1
2279,3
2280,2
2281,2
2282,3
2283,0
2284,1
2285,3
2286,4
2287,2
2288,3
2289,2
2290,3
2291,2
2292,4
2293,4
2294,2
2295,4
2296,1
2297,1
2298,3
2299,1
2300,3
2301,4
2302,0
2303,1
2304,1
2305,2
2306,1
2307,3
2308,3
2309,4
2310,2
2311,1
2312,1
2313,2
2314,4
2315,4
2316,2
2317,3
2318,0
2319,4
2320,2
2321,1
2322,1
2323,2
2324,4
2325,2
2326,2
2327,2
2328,4
2329,0
2330,4
2331,4
2332,0
2333,2
2334,3
2335,3
2336,0
2337,2
2338,4
2339,2
2340,4
2341,1
2342,1
2343,3
2344,1
2345,3
2346,1
2347,4
2348,1
2349,0
2350,2
2351,2
2352,3
2353,3
2354,0
2355,4
2356,3
2357,4
2358,4
2359,1
2360,4
2361,0
2362,2
2363,0
2364,1
2365,2
2366,3
2367,1
2368,4
2369,1
2370,3
2371,0
2372,4
2373,2
2374,1
2375,4
2376,3
2377,2
2378,1
2379,3
2380,1
2381,0
2382,4
2383,0
2384,0
2385,3
2386,1
2387,1
2388,3
2389,1
2390,4
2391,3
2392,4
2393,1
2394,0
2395,3
2396,1
2397,1
2398,0
2399,1
2400,1
2401,3
2402,1
2403,4
2404,0
2405,2
2406,3
2407,3
2408,2
2409,3
2410,3
2411,4
2412,2
2413,2
2414,3
2415,3
2416,3
2417,4
2418,4
2419,0
2420,3
2421,1
2422,1
2423,0
2424,4
2425,2
2426,4
2427,0
2428,4
2429,4
2430,4
2431,4
2432,1
2433,3
2434,2
2435,1
2436,1
2437,3
2438,1
2439,1
2440,3
2441,2
2442,0
2443,2
2444,1
2445,2
2446,0
2447,2
2448,0
2449,2
2450,3
2451,3
2452,4
2453,0
2454,3
2455,1
2456,0
2457,4
2458,1
2459,0
2460,1
2461,0
2462,4
2463,0
2464,4
2465,0
2466,4
2467,2
2468,0
2469,3
2470,0
2471,1
2472,2
2473,4
2474,3
2475,2
2476,2
2477,3
2478,2
2479,2
2480,2
2481,2
2482,2
2483,2
2484,0
2485,1
2486,3
2487,3
2488,2
2489,4
2490,4
2491,0
2492,2
2493,4
2494,0
2495,4
2496,0
2497,0
2498,4
2499,1
2500,0
2501,3
2502,0
2503,1
2504,2
2505,4
2506,3
2507,0
2508,0
2509,3
2510,1
2511,4
2512,3
2513,1
2514,1
2515,2
2516,3
2517,2
2518,4
2519,0
2520,4
2521,0
2522,1
2523,1
2524,1
2525,0
2526,2
2527,2
2528,2
2529,4
2530,2
2531,4
2532,3
2533,4
2534,0
2535,1
2536,3
2537,2
2538,4
2539,4
2540,1
2541,1
2542,3
2543,1
2544,0
2545,3
2546,2
2547,4
2548,0
2549,4
2550,3
2551,0
2552,0
2553,2
2554,1
2555,0
2556,1
2557,2
2558,3
2559,2
2560,1
2561,3
2562,4
2563,2
2564,4
2565,0
2566,4
2567,3
2568,0
2569,4
2570,2
2571,1
2572,1
2573,0
2574,4
2575,2
2576,0
2577,3
2578,3
2579,1
2580,2
2581,3
2582,0
2583,4
2584,3
2585,0
2586,4
2587,1
2588,3
2589,3
2590,3
2591,1
2592,4
2593,4
2594,4
2595,2
2596,1
2597,4
2598,2
2599,3
2600,4
2601,4
2602,2
2603,0
2604,4
2605,3
2606,0
2607,2
2608,0
2609,1
2610,3
2611,0
2612,0
2613,1
2614,2
2615,1
2616,2
2617,2
2618,3
2619,0
2620,1
2621,3
2622,2
2623,0
2624,3
2625,1
2626,0
2627,1
2628,3
2629,4
2630,0
2631,2
2632,2
2633,2
2634,2
2635,0
2636,1
2637,3
2638,2
2639,1
2640,2
2641,2
2642,1
2643,3
2644,0
2645,1
2646,0
2647,4
2648,0
2649,2
2650,2
2651,2
2652,3
2653,2
2654,0
2655,2
2656,0
2657,0
2658,4
2659,2
2660,3
2661,3
2662,3
2663,4
2664,1
2665,3
2666,4
2667,4
2668,3
2669,4
2670,1
2671,2
2672,0
2673,3
2674,4
2675,2
2676,1
2677,3
2678,4
2679,3
2680,0
2681,3
2682,2
2683,1
2684,4
2685,3
2686,3
2687,4
2688,3
2689,4
2690,3
2691,4
2692,3
2693,0
2694,0
2695,4
2696,2
2697,1
2698,1
2699,0
2700,4
2701,4
2702,0
2703,0
2704,2
2705,3
2706,0
2707,4
2708,1
2709,3
2710,1
2711,2
2712,0
2713,1
2714,4
2715,0
2716,0
2717,2
2718,3
2719,0
2720,4
2721,3
2722,0
2723,1
2724,1
2725,3
2726,3
2727,2
2728,0
2729,4
2730,2
2731,0
2732,4
2733,1
2734,3
2735,0
2736,1
2737,0
2738,0
2739,1
2740,2
2741,0
2742,3
2743,4
2744,3
2745,4
2746,2
2747,1
2748,1
2749,0
2750,0
2751,3
2752,2
2753,2
2754,0
2755,4
2756,2
2757,2
2758,0
2759,1
2760,2
2761,1
2762,3
2763,3
2764,4
2765,3
2766,4
2767,0
2768,0
2769,2
2770,4
2771,2
2772,0
2773,4
2774,0
2775,2
2776,1
2777,3
2778,0
2779,3
2780,1
2781,2
2782,0
2783,4
2784,1
2785,3
2786,3
2787,2
2788,4
2789,4
2790,3
2791,4
2792,4
2793,0
2794,0
2795,4
2796,1
2797,3
2798,1
2799,1
2800,4
2801,0
2802,1
2803,2
2804,2
2805,3
2806,3
2807,4
2808,1
2809,2
2810,2
2811,0
2812,2
2813,2
2814,3
2815,0
2816,3
2817,2
2818,3
2819,3
2820,4
2821,0
2822,0
2823,4
2824,4
2825,4
2826,4
2827,3
2828,1
2829,4
2830,0
2831,0
2832,4
2833,1
2834,1
2835,1
2836,1
2837,1
2838,4
2839,1
2840,2
2841,3
2842,0
2843,1
2844,1
2845,4
2846,0
2847,3
2848,1
2849,3
2850,1
2851,1
2852,4
2853,3
2854,1
2855,0
2856,2
2857,1
2858,1
2859,3
2860,3
2861,0
2862,2
2863,0
2864,4
2865,0
2866,2
2867,3
2868,0
2869,2
2870,1
2871,1
2872,4
2873,2
2874,3
2875,4
2876,4
2877,4
2878,4
2879,4
2880,1
2881,2
2882,0
2883,0
2884,3
2885,1
2886,4
2887,2
2888,2
2889,1
2890,0
2891,3
2892,2
2893,1
2894,3
2895,2
2896,4
2897,0
2898,4
2899,0
2900,1
2901,2
2902,4
2903,0
2904,0
2905,4
2906,1
2907,4
2908,4
2909,0
2910,1
2911,3
2912,1
2913,0
2914,4
2915,2
2916,2
2917,1
2918,1
2919,0
2920,2
2921,2
2922,3
2923,4
2924,1
2925,3
2926,0
2927,0
2928,2
2929,4
2930,4
2931,4
2932,1
2933,1
2934,1
2935,2
2936,4
2937,2
2938,0
2939,3
2940,3
2941,2
2942,0
2943,4
2944,3
2945,1
2946,0
2947,0
2948,4
2949,1
2950,1
2951,2
2952,3
2953,4
2954,2
2955,0
2956,3
2957,0
2958,1
2959,2
2960,1
2961,1
2962,0
2963,1
2964,4
2965,3
2966,3
2967,2
2968,0
2969,2
2970,1
2971,0
2972,2
2973,3
2974,4
2975,1
2976,1
2977,0
2978,0
2979,0
2980,0
2981,1
2982,4
2983,2
2984,0
2985,0
2986,0
2987,2
2988,3
2989,4
2990,2
2991,2
2992,2
2993,3
2994,1
2995,1
2996,4
2997,3
2998,0
2999,4
3000,1
3001,3
3002,0
3003,1
3004,4
3005,4
3006,0
3007,0
3008,1
3009,0
3010,4
3011,2
3012,4
3013,1
3014,3
3015,3
3016,2
3017,3
3018,0
3019,0
3020,1
3021,4
3022,4
3023,0
3024,3
3025,3
3026,2
3027,4
3028,1
3029,1
3030,3
3031,2
3032,0
3033,1
3034,0
3035,4
3036,3
3037,3
3038,0
3039,4
3040,3
3041,0
3042,2
3043,0
3044,0
3045,2
3046,1
3047,2
3048,3
3049,3
3050,1
3051,1
3052,1
3053,1
3054,0
3055,3
3056,0
3057,1
3058,4
3059,3
3060,0
3061,0
3062,0
3063,1
3064,1
3065,4
3066,2
3067,4
3068,3
3069,2
3070,4
3071,1
3072,1
3073,2
3074,3
3075,3
3076,2
3077,0
3078,3
3079,3
3080,0
3081,1
3082,2
3083,1
3084,1
3085,4
3086,3
3087,2
3088,3
3089,2
3090,2
3091,4
3092,0
3093,0
3094,4
3095,4
3096,2
3097,4
3098,0
3099,1
3100,2
3101,3
3102,3
3103,0
3104,2
3105,3
3106,2
3107,2
3108,3
3109,0
3110,4
3111,1
3112,2
3113,4
3114,2
3115,1
3116,4
3117,0
3118,3
3119,0
3120,2
3121,4
3122,2
3123,1
3124,4
3125,4
3126,3
3127,4
3128,4
3129,0
3130,2
3131,1
3132,4
3133,3
3134,3
3135,4
3136,2
3137,2
3138,2
3139,3
3140,4
3141,4
3142,4
3143,4
3144,1
3145,2
3146,3
3147,4
3148,1
3149,2
3150,1
3151,2
3152,4
3153,1
3154,2
3155,0
3156,0
3157,2
3158,1
3159,1
3160,4
3161,0
3162,2
3163,4
3164,1
3165,4
3166,3
3167,4
3168,4
3169,2
3170,2
3171,0
3172,3
3173,4
3174,1
3175,0
3176,0
3177,2
3178,3
3179,2
3180,4
3181,4
3182,4
3183,0
3184,0
3185,4
3186,1
3187,0
3188,1
3189,0
3190,2
3191,2
3192,2
3193,0
3194,0
3195,1
3196,1
3197,4
3198,4
3199,1
3200,3
3201,1
3202,2
3203,3
3204,3
3205,1
3206,4
3207,0
3208,1
3209,3
3210,1
3211,0
3212,0
3213,2
3214,2
3215,1
3216,1
3217,3
3218,1
3219,1
3220,4
3221,2
3222,3
3223,1
3224,3
3225,1
3226,3
3227,2
3228,1
3229,1
3230,0
3231,4
3232,4
3233,0
3234,1
3235,2
3236,3
3237,2
3238,0
3239,3
3240,3
3241,2
3242,3
3243,2
3244,2
3245,0
3246,4
3247,1
3248,4
3249,2
3250,3
3251,0
3252,2
3253,3
3254,4
3255,0
3256,3
3257,1
3258,0
3259,2
3260,2
3261,1
3262,3
3263,4
3264,4
3265,3
3266,4
3267,3
3268,2
3269,3
3270,2
3271,3
3272,0
3273,1
3274,1
3275,2
3276,3
3277,3
3278,3
3279,0
3280,0
3281,2
3282,4
3283,0
3284,2
3285,2
3286,4
3287,2
3288,0
3289,0
3290,1
3291,2
3292,4
3293,4
3294,0
3295,3
3296,0
3297,3
3298,1
3299,3
3300,3
3301,0
3302,1
3303,1
3304,0
3305,0
3306,1
3307,1
3308,4
3309,2
3310,2
3311,1
3312,4
3313,4
3314,3
3315,4
3316,3
3317,3
3318,0
3319,3
3320,0
3321,3
3322,2
3323,1
3324,1
3325,4
3326,1
3327,3
3328,2
3329,2
3330,3
3331,1
3332,3
3333,0
3334,4
3335,2
3336,3
3337,4
3338,4
3339,3
3340,0
3341,4
3342,0
3343,3
3344,4
3345,2
3346,0
3347,3
3348,4
3349,2
3350,2
3351,2
3352,3
3353,0
3354,2
3355,3
3356,1
3357,4
3358,3
3359,3
3360,0
3361,4
3362,4
3363,4
3364,4
3365,2
3366,4
3367,1
3368,1
3369,2
3370,3
3371,4
3372,2
3373,1
3374,2
3375,4
3376,1
3377,4
3378,4
3379,3
3380,4
3381,2
3382,4
3383,4
3384,3
3385,1
3386,4
3387,3
3388,3
3389,3
3390,4
3391,0
3392,3
3393,1
3394,4
3395,4
3396,4
3397,2
3398,3
3399,2
3400,3
3401,0
3402,4
3403,3
3404,0
3405,1
3406,4
3407,3
3408,0
3409,4
3410,3
3411,4
3412,3
3413,4
3414,2
3415,1
3416,0
3417,0
3418,2
3419,1
3420,3
3421,0
3422,1
3423,4
3424,1
3425,4
3426,1
3427,4
3428,4
3429,2
3430,1
3431,1
3432,3
3433,2
3434,3
3435,1
3436,0
3437,4
3438,0
3439,2
3440,3
3441,1
3442,4
3443,0
3444,1
3445,2
3446,3
3447,0
3448,1
3449,2
3450,3
3451,3
3452,1
3453,4
3454,0
3455,2
3456,0
3457,3
3458,2
3459,2
3460,2
3461,3
3462,0
3463,4
3464,2
3465,4
3466,3
3467,1
3468,1
3469,1
3470,4
3471,3
3472,2
3473,2
3474,1
3475,1
3476,3
3477,4
3478,1
3479,1
3480,3
3481,4
3482,4
3483,2
3484,2
3485,3
3486,2
3487,1
3488,1
3489,0
3490,0
3491,1
3492,3
3493,0
3494,0
3495,0
3496,2
3497,4
3498,2
3499,0
3500,1
3501,0
3502,0
3503,3
3504,0
3505,4
3506,2
3507,3
3508,4
3509,1
3510,3
3511,0
3512,2
3513,1
3514,3
3515,3
3516,4
3517,2
3518,1
3519,4
3520,1
3521,0
3522,3
3523,3
3524,1
3525,0
3526,2
3527,2
3528,2
3529,4
3530,4
3531,4
3532,0
3533,3
3534,1
3535,2
3536,0
3537,3
3538,4
3539,0
3540,1
3541,3
3542,0
3543,1
3544,2
3545,0
3546,1
3547,2
3548,3
3549,1
3550,1
3551,2
3552,2
3553,0
3554,3
3555,1
3556,4
3557,4
3558,1
3559,2
3560,2
3561,1
3562,3
3563,2
3564,3
3565,1
3566,4
3567,4
3568,1
3569,0
3570,2
3571,3
3572,0
3573,1
3574,2
3575,0
3576,2
3577,1
3578,1
3579,0
3580,0
3581,1
3582,4
3583,3
3584,3
3585,2
3586,1
3587,4
3588,1
3589,1
3590,0
3591,3
3592,3
3593,4
3594,0
3595,3
3596,2
3597,4
3598,4
3599,1
3600,4
3601,2
3602,4
3603,0
3604,0
3605,1
3606,4
3607,4
3608,1
3609,0
3610,4
3611,4
3612,1
3613,1
3614,4
3615,0
3616,2
3617,3
3618,4
3619,1
3620,0
3621,4
3622,2
3623,4
3624,2
3625,0
3626,2
3627,1
3628,0
3629,3
3630,2
3631,4
3632,1
3633,2
3634,0
3635,4
3636,2
3637,1
3638,3
3639,2
3640,3
3641,4
3642,4
3643,2
3644,0
3645,0
3646,2
3647,0
3648,3
3649,4
3650,0
3651,4
3652,2
3653,3
3654,0
3655,4
3656,3
3657,2
3658,4
3659,2
3660,3
3661,1
3662,4
3663,4
3664,0
3665,4
3666,4
3667,3
3668,1
3669,2
3670,0
3671,4
3672,2
3673,0
3674,1
3675,2
3676,3
3677,1
3678,4
3679,2
3680,4
3681,3
3682,2
3683,1
3684,2
3685,4
3686,0
3687,4
3688,3
3689,2
3690,4
3691,4
3692,0
3693,1
3694,0
3695,2
3696,0
3697,0
3698,3
3699,4
3700,0
3701,1
3702,2
3703,3
3704,3
3705,4
3706,3
3707,0
3708,2
3709,4
3710,3
3711,2
3712,3
3713,2
3714,3
3715,3
3716,3
3717,3
3718,0
3719,0
3720,2
3721,0
3722,4
3723,1
3724,4
3725,0
3726,0
3727,1
3728,3
3729,2
3730,3
3731,1
3732,3
3733,1
3734,1
3735,1
3736,0
3737,4
3738,2
3739,2
3740,2
3741,3
3742,0
3743,3
3744,4
3745,2
3746,4
3747,1
3748,0
3749,4
3750,2
3751,4
3752,4
3753,4
3754,0
3755,1
3756,3
3757,4
3758,0
3759,3
3760,4
3761,0
3762,0
3763,3
3764,1
3765,1
3766,3
3767,3
3768,2
3769,0
3770,1
3771,4
3772,2
3773,2
3774,0
3775,3
3776,3
3777,0
3778,0
3779,3
3780,4
3781,4
3782,1
3783,0
3784,1
3785,1
3786,2
3787,3
3788,4
3789,2
3790,3
3791,4
3792,0
3793,0
3794,2
3795,1
3796,0
3797,1
3798,4
3799,3
3800,4
3801,2
3802,0
3803,2
3804,2
3805,3
3806,3
3807,2
3808,1
3809,0
3810,3
3811,1
3812,1
3813,0
3814,4
3815,0
3816,4
3817,1
3818,1
3819,3
3820,4
3821,2
3822,0
3823,4
3824,1
3825,3
3826,3
3827,2
3828,0
3829,2
3830,0
3831,3
3832,3
3833,1
3834,0
3835,3
3836,1
3837,0
3838,0
3839,3
3840,3
3841,1
3842,4
3843,2
3844,4
3845,0
3846,1
3847,1
3848,1
3849,4
3850,0
3851,3
3852,3
3853,2
3854,3
3855,3
3856,1
3857,3
3858,3
3859,3
3860,1
3861,1
3862,2
3863,1
3864,3
3865,2
3866,3
3867,1
3868,0
3869,0
3870,2
3871,3
3872,1
3873,2
3874,4
3875,3
3876,4
3877,0
3878,3
3879,0
3880,1
3881,3
3882,2
3883,0
3884,3
3885,4
3886,0
3887,3
3888,4
3889,4
3890,1
3891,0
3892,1
3893,2
3894,2
3895,2
3896,4
3897,3
3898,0
3899,3
3900,1
3901,3
3902,1
3903,2
3904,1
3905,4
3906,2
3907,1
3908,0
3909,0
3910,4
3911,1
3912,3
3913,2
3914,2
3915,2
3916,4
3917,4
3918,3
3919,1
3920,0
3921,4
3922,3
3923,0
3924,0
3925,2
3926,2
3927,4
3928,1
3929,4
3930,4
3931,1
3932,2
3933,4
3934,4
3935,1
3936,2
3937,3
3938,2
3939,2
3940,3
3941,2
3942,1
3943,2
3944,0
3945,1
3946,2
3947,3
3948,4
3949,4
3950,3
3951,1
3952,4
3953,0
3954,1
3955,0
3956,0
3957,0
3958,3
3959,2
3960,0
3961,1
3962,3
3963,2
3964,4
3965,0
3966,0
3967,1
3968,1
3969,2
3970,4
3971,1
3972,2
3973,0
3974,0
3975,3
3976,2
3977,3
3978,1
3979,3
3980,4
3981,3
3982,3
3983,2
3984,3
3985,2
3986,1
3987,0
3988,4
3989,0
3990,3
3991,0
3992,4
3993,1
3994,2
3995,0
3996,3
3997,2
3998,0
3999,0
4000,2
4001,2
4002,2
4003,3
4004,0
4005,1
4006,1
4007,4
4008,1
4009,1
4010,0
4011,1
4012,3
4013,1
4014,4
4015,3
4016,3
4017,4
4018,0
4019,2
4020,2
4021,2
4022,2
4023,1
4024,4
4025,3
4026,3
4027,0
4028,0
4029,0
4030,4
4031,3
4032,4
4033,1
4034,4
4035,2
4036,1
4037,4
4038,2
4039,1
4040,2
4041,1
4042,4
4043,2
4044,4
4045,2
4046,2
4047,2
4048,0
4049,1
4050,4
4051,2
4052,3
4053,3
4054,3
4055,3
4056,3
4057,0
4058,2
4059,0
4060,0
4061,2
4062,1
4063,1
4064,4
4065,3
4066,2
4067,4
4068,3
4069,0
4070,1
4071,2
4072,0
4073,1
4074,4
4075,4
4076,3
4077,1
4078,2
4079,1
4080,0
4081,3
4082,2
4083,0
4084,3
4085,3
4086,1
4087,4
4088,4
4089,2
4090,2
4091,1
4092,1
4093,4
4094,2
4095,2
4096,2
4097,4
4098,1
4099,2
4100,1
4101,1
4102,3
4103,4
4104,3
4105,0
4106,0
4107,4
4108,1
4109,2
4110,2
4111,0
4112,1
4113,1
4114,3
4115,1
4116,4
4117,3
4118,0
4119,1
4120,1
4121,2
4122,3
4123,4
4124,1
4125,0
4126,1
4127,2
4128,3
4129,1
4130,3
4131,4
4132,2
4133,3
4134,0
4135,0
4136,1
4137,3
4138,1
4139,2
4140,3
4141,4
4142,4
4143,1
4144,3
4145,1
4146,2
4147,3
4148,3
4149,4
4150,2
4151,3
4152,2
4153,4
4154,0
4155,2
4156,3
4157,2
4158,4
4159,2
4160,0
4161,4
4162,0
4163,1
4164,1
4165,0
4166,2
4167,4
4168,0
4169,2
4170,4
4171,1
4172,3
4173,3
4174,3
4175,1
4176,4
4177,1
4178,1
4179,3
4180,1
4181,2
4182,3
4183,3
4184,2
4185,2
4186,3
4187,3
4188,0
4189,1
4190,4
4191,0
4192,3
4193,1
4194,0
4195,1
4196,4
4197,3
4198,2
4199,1
4200,3
4201,3
4202,3
4203,1
4204,0
4205,2
4206,4
4207,0
4208,0
4209,1
4210,1
4211,0
4212,1
4213,2
4214,3
4215,0
4216,4
4217,3
4218,0
4219,2
4220,1
4221,1
4222,1
4223,1
4224,2
4225,1
4226,1
4227,4
4228,2
4229,4
4230,0
4231,2
4232,4
4233,2
4234,0
4235,4
4236,4
4237,4
4238,3
4239,2
4240,3
4241,3
4242,0
4243,0
4244,1
4245,2
4246,0
4247,4
4248,0
4249,4
4250,2
4251,0
4252,2
4253,1
4254,2
4255,4
4256,4
4257,1
4258,0
4259,0
4260,0
4261,2
4262,0
4263,3
4264,1
4265,4
4266,4
4267,4
4268,2
4269,2
4270,4
4271,3
4272,3
4273,0
4274,2
4275,4
4276,4
4277,1
4278,1
4279,0
4280,3
4281,3
4282,0
4283,0
4284,3
4285,1
4286,0
4287,1
4288,4
4289,2
4290,1
4291,3
4292,4
4293,2
4294,2
4295,2
4296,3
4297,0
4298,2
4299,0
4300,3
4301,2
4302,4
4303,4
4304,4
4305,3
4306,1
4307,3
4308,0
4309,1
4310,1
4311,1
4312,2
4313,3
4314,4
4315,1
4316,4
4317,4
4318,0
4319,0
4320,2
4321,1
4322,3
4323,0
4324,3
4325,1
4326,2
4327,2
4328,2
4329,3
4330,4
4331,1
4332,0
4333,3
4334,2
4335,2
4336,1
4337,3
4338,3
4339,1
4340,2
4341,3
4342,4
4343,4
4344,1
4345,1
4346,3
4347,2
4348,0
4349,3
4350,4
4351,2
4352,2
4353,3
4354,4
4355,4
4356,0
4357,2
4358,3
4359,3
4360,1
4361,4
4362,4
4363,4
4364,1
4365,3
4366,4
4367,1
4368,0
4369,4
4370,3
4371,2
4372,1
4373,0
4374,3
4375,1
4376,1
4377,3
4378,3
4379,2
4380,3
4381,2
4382,2
4383,3
4384,1
4385,2
4386,0
4387,2
4388,0
4389,3
4390,2
4391,4
4392,0
4393,2
4394,1
4395,3
4396,4
4397,1
4398,4
4399,4
4400,4
4401,0
4402,3
4403,2
4404,3
4405,0
4406,2
4407,3
4408,0
4409,2
4410,4
4411,3
4412,4
4413,3
4414,0
4415,1
4416,1
4417,0
4418,3
4419,4
4420,2
4421,3
4422,3
4423,4
4424,1
4425,0
4426,4
4427,1
4428,0
4429,4
4430,1
4431,3
4432,3
4433,0
4434,4
4435,0
4436,0
4437,4
4438,1
4439,3
4440,2
4441,1
4442,0
4443,2
4444,2
4445,0
4446,1
4447,2
4448,0
4449,2
4450,3
4451,1
4452,0
4453,2
4454,0
4455,0
4456,0
4457,4
4458,1
4459,1
4460,4
4461,4
4462,0
4463,4
4464,4
4465,0
4466,0
4467,0
4468,2
4469,0
4470,3
4471,1
4472,4
4473,4
4474,0
4475,2
4476,3
4477,2
4478,1
4479,3
4480,3
4481,4
4482,0
4483,4
4484,4
4485,1
4486,3
4487,2
4488,3
4489,2
4490,0
4491,1
4492,3
4493,2
4494,3
4495,1
4496,2
4497,0
4498,4
4499,1
4500,2
4501,4
4502,2
4503,1
4504,3
4505,3
4506,4
4507,1
4508,2
4509,3
4510,1
4511,4
4512,0
4513,0
4514,1
4515,4
4516,3
4517,1
4518,0
4519,0
4520,2
4521,0
4522,0
4523,1
4524,4
4525,2
4526,4
4527,4
4528,2
4529,4
4530,3
4531,1
4532,0
4533,1
4534,3
4535,3
4536,2
4537,4
4538,4
4539,1
4540,4
4541,3
4542,1
4543,0
4544,4
4545,4
4546,0
4547,2
4548,0
4549,0
4550,2
4551,4
4552,2
4553,3
